Trade number,Type,Date and time,Signal,Price USDT,Size (qty),Size (value),Net PnL USDT,Return %,Commission USDT,Favorable excursion USDT,Favorable excursion %,Adverse excursion USDT,Adverse excursion %,Cumulative PnL USDT,Cumulative PnL %,Duration (bars)
1,Exit long,2025-08-01 21:30,Long Exit,3.4311,10.93,39.498834,-2.04,-5.15,0.04,0.2,0.51,-2.02,-5.10,-2.04,-2.04,21
1,Entry long,2025-08-01 11:00,Long,3.6138,10.93,39.498834,-2.04,-5.15,0.04,0.2,0.51,-2.02,-5.10,-2.04,-2.04,21
2,Exit long,2025-08-04 10:00,Long Exit,3.4583,15.5,52.4117,1.14,2.17,0.05,2.1,4.00,-1.84,-3.51,-0.9,-0.90,65
2,Entry long,2025-08-03 01:30,Long,3.3814,15.5,52.4117,1.14,2.17,0.05,2.1,4.00,-1.84,-3.51,-0.9,-0.90,65
3,Exit long,2025-08-07 22:00,Long Exit,3.7186,16.05,54.773835,4.85,8.85,0.06,5.93,10.81,-1.44,-2.63,3.96,3.96,77
3,Entry long,2025-08-06 07:30,Long,3.4127,16.05,54.773835,4.85,8.85,0.06,5.93,10.81,-1.44,-2.63,3.96,3.96,77
4,Exit short,2025-08-08 14:30,Short Exit,3.8123,13.39,48.965891,-2.13,-4.35,0.05,0.01,0.03,-2.11,-4.30,1.83,1.83,26
4,Entry short,2025-08-08 01:30,Short,3.6569,13.39,48.965891,-2.13,-4.35,0.05,0.01,0.03,-2.11,-4.30,1.83,1.83,26
5,Exit short,2025-08-09 01:00,Short Exit,3.7897,20.66,79.394314,1.02,1.28,0.08,2.62,3.30,-0.8,-1.01,2.85,2.85,17
5,Entry short,2025-08-08 16:30,Short,3.8429,20.66,79.394314,1.02,1.28,0.08,2.62,3.30,-0.8,-1.01,2.85,2.85,17
6,Exit short,2025-08-09 10:30,Short Exit,3.9078,26.31,100.756776,-2.16,-2.14,0.1,0.04,0.04,-2.11,-2.09,0.69,0.69,3
6,Entry short,2025-08-09 09:00,Short,3.8296,26.31,100.756776,-2.16,-2.14,0.1,0.04,0.04,-2.11,-2.09,0.69,0.69,3
7,Exit short,2025-08-10 12:00,Short Exit,3.9831,18.97,73.54669,-2.09,-2.84,0.07,0.14,0.19,-2.05,-2.79,-1.4,-1.40,48
7,Entry short,2025-08-09 12:00,Short,3.877,18.97,73.54669,-2.09,-2.84,0.07,0.14,0.19,-2.05,-2.79,-1.4,-1.40,48
8,Exit long,2025-08-13 09:00,Long Exit,3.8659,18.63,68.519277,3.43,5.01,0.07,4.73,6.89,-1.54,-2.24,2.03,2.03,49
8,Entry long,2025-08-12 08:30,Long,3.6779,18.63,68.519277,3.43,5.01,0.07,4.73,6.89,-1.54,-2.24,2.03,2.03,49
9,Exit short,2025-08-14 11:30,Short Exit,4.145,11.78,46.786626,-2.09,-4.46,0.05,0.74,1.59,-2.06,-4.41,-0.06,-0.06,26
9,Entry short,2025-08-13 22:30,Short,3.9717,11.78,46.786626,-2.09,-4.46,0.05,0.74,1.59,-2.06,-4.41,-0.06,-0.06,26
10,Exit short,2025-08-14 21:00,Short Exit,3.7755,11.82,48.265788,3.59,7.44,0.05,4.85,10.05,-0.02,-0.05,3.53,3.53,15
10,Entry short,2025-08-14 13:30,Short,4.0834,11.82,48.265788,3.59,7.44,0.05,4.85,10.05,-0.02,-0.05,3.53,3.53,15
11,Exit long,2025-08-18 13:30,Long Exit,3.5763,11.73,44.017998,-2.11,-4.79,0.04,1.63,3.69,-2.09,-4.75,1.42,1.42,156
11,Entry long,2025-08-15 07:30,Long,3.7526,11.73,44.017998,-2.11,-4.79,0.04,1.63,3.69,-2.09,-4.75,1.42,1.42,156
12,Exit long,2025-08-20 00:00,Long Exit,3.4804,18.71,67.148319,-2.1,-3.12,0.07,1.57,2.33,-2.06,-3.07,-0.67,-0.67,53
12,Entry long,2025-08-18 21:30,Long,3.5889,18.71,67.148319,-2.1,-3.12,0.07,1.57,2.33,-2.06,-3.07,-0.67,-0.67,53
13,Exit long,2025-08-21 02:30,Long Exit,3.5001,23.18,79.945502,1.11,1.38,0.08,2.88,3.60,-1.7,-2.13,0.43,0.43,34
13,Entry long,2025-08-20 09:30,Long,3.4489,23.18,79.945502,1.11,1.38,0.08,2.88,3.60,-1.7,-2.13,0.43,0.43,34
14,Exit long,2025-08-22 19:00,Long Exit,3.3562,22.6,77.85248,-2.08,-2.67,0.08,0.71,0.92,-2.04,-2.62,-1.65,-1.65,43
14,Entry long,2025-08-21 21:30,Long,3.4448,22.6,77.85248,-2.08,-2.67,0.08,0.71,0.92,-2.04,-2.62,-1.65,-1.65,43
15,Exit long,2025-08-23 09:00,Long Exit,3.7069,18.24,61.332,6.22,10.13,0.06,7.54,12.28,-0.04,-0.07,4.57,4.57,22
15,Entry long,2025-08-22 22:00,Long,3.3625,18.24,61.332,6.22,10.13,0.06,7.54,12.28,-0.04,-0.07,4.57,4.57,22
16,Exit short,2025-08-25 03:00,Short Exit,3.8169,17.42,64.396514,-2.16,-3.35,0.07,1.62,2.52,-2.13,-3.30,2.41,2.41,82
16,Entry short,2025-08-23 10:00,Short,3.6967,17.42,64.396514,-2.16,-3.35,0.07,1.62,2.52,-2.13,-3.30,2.41,2.41,82
17,Exit long,2025-08-27 08:30,Long Exit,3.4306,21.25,71.512625,1.32,1.84,0.07,2.61,3.65,-0.49,-0.68,3.73,3.73,46
17,Entry long,2025-08-26 09:30,Long,3.3653,21.25,71.512625,1.32,1.84,0.07,2.61,3.65,-0.49,-0.68,3.73,3.73,46
18,Exit long,2025-08-30 02:00,Long Exit,3.2448,17.42,58.606106,-2.14,-3.65,0.06,0.02,0.04,-2.11,-3.60,1.59,1.59,10
18,Entry long,2025-08-29 21:00,Long,3.3643,17.42,58.606106,-2.14,-3.65,0.06,0.02,0.04,-2.11,-3.60,1.59,1.59,10
19,Exit long,2025-09-01 10:30,Long Exit,3.1698,20.7,67.64553,-2.1,-3.10,0.07,1.67,2.47,-2.06,-3.05,-0.51,-0.51,104
19,Entry long,2025-08-30 06:30,Long,3.2679,20.7,67.64553,-2.1,-3.10,0.07,1.67,2.47,-2.06,-3.05,-0.51,-0.51,104
20,Exit long,2025-09-01 18:30,Long Exit,3.2876,25.93,82.693363,2.47,2.99,0.08,3.81,4.60,-0.47,-0.56,1.96,1.96,7
20,Entry long,2025-09-01 15:00,Long,3.1891,25.93,82.693363,2.47,2.99,0.08,3.81,4.60,-0.47,-0.56,1.96,1.96,7
21,Exit long,2025-09-02 19:30,Long Exit,3.2542,18.86,59.808832,1.5,2.51,0.06,2.43,4.06,-0.22,-0.37,3.47,3.47,24
21,Entry long,2025-09-02 07:30,Long,3.1712,18.86,59.808832,1.5,2.51,0.06,2.43,4.06,-0.22,-0.37,3.47,3.47,24
22,Exit short,2025-09-03 20:30,Short Exit,3.3789,30.69,101.636073,-2.17,-2.13,0.1,1.38,1.36,-2.11,-2.08,1.3,1.30,16
22,Entry short,2025-09-03 12:30,Short,3.3117,30.69,101.636073,-2.17,-2.13,0.1,1.38,1.36,-2.11,-2.08,1.3,1.30,16
23,Exit short,2025-09-04 16:00,Short Exit,3.3256,50.36,170.106008,2.46,1.45,0.17,4.46,2.62,-1.49,-0.87,3.76,3.76,25
23,Entry short,2025-09-04 03:30,Short,3.3778,50.36,170.106008,2.46,1.45,0.17,4.46,2.62,-1.49,-0.87,3.76,3.76,25
24,Exit short,2025-09-05 20:30,Short Exit,3.424,34.53,116.155467,-2.19,-1.89,0.12,0.08,0.07,-2.13,-1.84,1.57,1.57,6
24,Entry short,2025-09-05 17:30,Short,3.3639,34.53,116.155467,-2.19,-1.89,0.12,0.08,0.07,-2.13,-1.84,1.57,1.57,6
25,Exit short,2025-09-08 21:00,Short Exit,3.4945,14.55,48.81234,-2.08,-4.26,0.05,0.62,1.27,-2.06,-4.21,-0.51,-0.51,141
25,Entry short,2025-09-05 22:30,Short,3.3548,14.55,48.81234,-2.08,-4.26,0.05,0.62,1.27,-2.06,-4.21,-0.51,-0.51,141
26,Exit short,2025-09-09 14:00,Short Exit,3.5415,23.24,80.31744,-2.07,-2.57,0.08,0.74,0.92,-2.03,-2.52,-2.58,-2.58,24
26,Entry short,2025-09-09 02:00,Short,3.456,23.24,80.31744,-2.07,-2.57,0.08,0.74,0.92,-2.03,-2.52,-2.58,-2.58,24
27,Exit short,2025-09-10 05:00,Short Exit,3.4769,21.72,77.129892,1.54,1.99,0.08,2.67,3.46,-0.33,-0.43,-1.05,-1.05,16
27,Entry short,2025-09-09 21:00,Short,3.5511,21.72,77.129892,1.54,1.99,0.08,2.67,3.46,-0.33,-0.43,-1.05,-1.05,16
28,Exit short,2025-09-11 21:30,Short Exit,3.5996,33.85,122.25943,0.29,0.24,0.12,2.02,1.65,-1.92,-1.57,-0.76,-0.76,23
28,Entry short,2025-09-11 10:00,Short,3.6118,33.85,122.25943,0.29,0.24,0.12,2.02,1.65,-1.92,-1.57,-0.76,-0.76,23
29,Exit short,2025-09-12 20:30,Short Exit,3.6247,27.59,100.943533,0.84,0.83,0.1,2.04,2.02,-0.86,-0.85,0.08,0.08,21
29,Entry short,2025-09-12 10:00,Short,3.6587,27.59,100.943533,0.84,0.83,0.1,2.04,2.02,-0.86,-0.85,0.08,0.08,21
30,Exit short,2025-09-13 17:00,Short Exit,3.7919,26.73,99.352737,-2.11,-2.12,0.1,0.19,0.19,-2.05,-2.07,-2.02,-2.02,12
30,Entry short,2025-09-13 11:00,Short,3.7169,26.73,99.352737,-2.11,-2.12,0.1,0.19,0.19,-2.05,-2.07,-2.02,-2.02,12
31,Exit short,2025-09-15 00:30,Short Exit,3.6946,14.08,53.354752,1.28,2.40,0.05,2.11,3.95,-0.84,-1.58,-0.74,-0.74,53
31,Entry short,2025-09-13 22:00,Short,3.7894,14.08,53.354752,1.28,2.40,0.05,2.11,3.95,-0.84,-1.58,-0.74,-0.74,53
32,Exit long,2025-09-16 12:00,Long Exit,3.493,34.19,119.046161,0.26,0.22,0.12,1.96,1.65,-0.34,-0.29,-0.48,-0.48,17
32,Entry long,2025-09-16 03:30,Long,3.4819,34.19,119.046161,0.26,0.22,0.12,1.96,1.65,-0.34,-0.29,-0.48,-0.48,17
33,Exit short,2025-09-18 23:00,Short Exit,3.945,27.59,106.850552,-2.1,-1.96,0.11,0,0.00,-2.05,-1.91,-2.58,-2.58,2
33,Entry short,2025-09-18 22:00,Short,3.8728,27.59,106.850552,-2.1,-1.96,0.11,0,0.00,-2.05,-1.91,-2.58,-2.58,2
34,Exit short,2025-09-20 06:00,Short Exit,3.6817,29.97,117.997884,7.54,6.39,0.11,9.11,7.72,-0.12,-0.10,4.96,4.96,49
34,Entry short,2025-09-19 05:30,Short,3.9372,29.97,117.997884,7.54,6.39,0.11,9.11,7.72,-0.12,-0.10,4.96,4.96,49
35,Exit long,2025-09-22 13:30,Long Exit,3.4205,22.95,80.6004,-2.18,-2.70,0.08,0.13,0.17,-2.14,-2.65,2.78,2.78,3
35,Entry long,2025-09-22 12:00,Long,3.512,22.95,80.6004,-2.18,-2.70,0.08,0.13,0.17,-2.14,-2.65,2.78,2.78,3
36,Exit long,2025-09-25 19:30,Long Exit,3.1509,9.98,33.503858,-2.09,-6.24,0.03,0.8,2.38,-2.07,-6.19,0.69,0.69,154
36,Entry long,2025-09-22 14:30,Long,3.3571,9.98,33.503858,-2.09,-6.24,0.03,0.8,2.38,-2.07,-6.19,0.69,0.69,154
37,Exit long,2025-09-29 22:30,Close entry(s) order Long,3.3007,14.44,46.060712,1.55,3.37,0.05,1.94,4.20,-1.84,-3.99,2.25,2.25,193
37,Entry long,2025-09-25 22:00,Long,3.1898,14.44,46.060712,1.55,3.37,0.05,1.94,4.20,-1.84,-3.99,2.25,2.25,193
38,Exit short,2025-10-02 23:30,Short Exit,3.5338,40.39,144.014584,1.14,0.79,0.14,3.42,2.37,-1.13,-0.78,3.39,3.39,12
38,Entry short,2025-10-02 17:30,Short,3.5656,40.39,144.014584,1.14,0.79,0.14,3.42,2.37,-1.13,-0.78,3.39,3.39,12
39,Exit long,2025-10-05 08:30,Long Exit,3.6413,30.73,108.516849,3.27,3.01,0.11,4.79,4.41,-1.02,-0.94,6.66,6.66,23
39,Entry long,2025-10-04 21:00,Long,3.5313,30.73,108.516849,3.27,3.01,0.11,4.79,4.41,-1.02,-0.94,6.66,6.66,23
40,Exit short,2025-10-06 07:00,Short Exit,3.5662,26.96,98.436352,2.19,2.23,0.1,3.49,3.54,-0.11,-0.11,8.85,8.85,27
40,Entry short,2025-10-05 17:30,Short,3.6512,26.96,98.436352,2.19,2.23,0.1,3.49,3.54,-0.11,-0.11,8.85,8.85,27
41,Exit short,2025-10-08 12:30,Short Exit,3.4737,26.49,96.465984,4.35,4.51,0.09,5.74,5.94,-1.84,-1.91,13.21,13.21,72
41,Entry short,2025-10-07 00:30,Short,3.6416,26.49,96.465984,4.35,4.51,0.09,5.74,5.94,-1.84,-1.91,13.21,13.21,72
42,Exit long,2025-10-09 22:30,Long Exit,3.3546,34.71,118.701258,-2.38,-2.00,0.12,0.33,0.27,-2.32,-1.96,10.83,10.83,3
42,Entry long,2025-10-09 21:00,Long,3.4198,34.71,118.701258,-2.38,-2.00,0.12,0.33,0.27,-2.32,-1.96,10.83,10.83,3
43,Exit long,2025-10-10 23:30,Long Exit,3.2797,19.86,67.349232,-2.28,-3.38,0.07,1.69,2.51,-2.25,-3.34,8.54,8.54,43
43,Entry long,2025-10-10 02:00,Long,3.3912,19.86,67.349232,-2.28,-3.38,0.07,1.69,2.51,-2.25,-3.34,8.54,8.54,43
44,Exit short,2025-10-14 17:30,Short Exit,2.7548,18.43,54.09205,3.27,6.04,0.05,4.86,8.99,-0.07,-0.13,11.81,11.81,15
44,Entry short,2025-10-14 10:00,Short,2.935,18.43,54.09205,3.27,6.04,0.05,4.86,8.99,-0.07,-0.13,11.81,11.81,15
45,Exit long,2025-10-16 17:30,Long Exit,2.6177,36.04,96.576388,-2.33,-2.41,0.1,1.28,1.33,-2.28,-2.36,9.48,9.48,16
45,Entry long,2025-10-16 09:30,Long,2.6797,36.04,96.576388,-2.33,-2.41,0.1,1.28,1.33,-2.28,-2.36,9.48,9.48,16
46,Exit long,2025-10-17 14:30,Long Exit,2.4319,24.8,62.50096,-2.25,-3.60,0.06,0.38,0.61,-2.22,-3.55,7.23,7.23,4
46,Entry long,2025-10-17 12:30,Long,2.5202,24.8,62.50096,-2.25,-3.60,0.06,0.38,0.61,-2.22,-3.55,7.23,7.23,4
47,Exit long,2025-10-19 20:00,Long Exit,2.5906,12.31,29.425824,2.43,8.27,0.03,3.14,10.66,-0.57,-1.92,9.67,9.67,96
47,Entry long,2025-10-17 20:00,Long,2.3904,12.31,29.425824,2.43,8.27,0.03,3.14,10.66,-0.57,-1.92,9.67,9.67,96
48,Exit short,2025-10-20 10:30,Short Exit,2.5685,38.09,99.193978,1.26,1.27,0.1,3.19,3.21,-0.56,-0.56,10.93,10.93,13
48,Entry short,2025-10-20 04:00,Short,2.6042,38.09,99.193978,1.26,1.27,0.1,3.19,3.21,-0.56,-0.56,10.93,10.93,13
49,Exit short,2025-10-21 03:30,Short Exit,2.5936,30.74,80.772424,0.96,1.19,0.08,2.49,3.08,-0.46,-0.57,11.89,11.89,20
49,Entry short,2025-10-20 17:30,Short,2.6276,30.74,80.772424,0.96,1.19,0.08,2.49,3.08,-0.46,-0.57,11.89,11.89,20
50,Exit long,2025-10-22 00:30,Long Exit,2.6286,43.1,107.33193,5.85,5.45,0.11,8.3,7.73,-1,-0.93,17.74,17.74,20
50,Entry long,2025-10-21 14:30,Long,2.4903,43.1,107.33193,5.85,5.45,0.11,8.3,7.73,-1,-0.93,17.74,17.74,20
51,Exit long,2025-10-24 21:00,Long Exit,2.4925,21.48,51.857016,1.63,3.14,0.05,2.58,4.96,-1.66,-3.21,19.37,19.37,108
51,Entry long,2025-10-22 15:00,Long,2.4142,21.48,51.857016,1.63,3.14,0.05,2.58,4.96,-1.66,-3.21,19.37,19.37,108
52,Exit short,2025-10-26 17:00,Short Exit,2.5698,33.02,82.464148,-2.47,-3.00,0.08,1.82,2.21,-2.43,-2.95,16.9,16.90,86
52,Entry short,2025-10-24 22:00,Short,2.4974,33.02,82.464148,-2.47,-3.00,0.08,1.82,2.21,-2.43,-2.95,16.9,16.90,86
53,Exit short,2025-10-26 19:30,Short Exit,2.6041,53.39,136.694417,-2.48,-1.81,0.14,0.51,0.38,-2.41,-1.76,14.42,14.42,2
53,Entry short,2025-10-26 18:30,Short,2.5603,53.39,136.694417,-2.48,-1.81,0.14,0.51,0.38,-2.41,-1.76,14.42,14.42,2
54,Exit short,2025-10-27 06:00,Short Exit,2.6723,49.06,128.80703,-2.43,-1.88,0.13,1.09,0.85,-2.36,-1.83,12,12.00,9
54,Entry short,2025-10-27 01:30,Short,2.6255,49.06,128.80703,-2.43,-1.88,0.13,1.09,0.85,-2.36,-1.83,12,12.00,9
55,Exit short,2025-10-27 22:00,Short Exit,2.6135,35.27,94.079198,1.81,1.92,0.09,3.24,3.45,-1.81,-1.92,13.8,13.80,21
55,Entry short,2025-10-27 11:30,Short,2.6674,35.27,94.079198,1.81,1.92,0.09,3.24,3.45,-1.81,-1.92,13.8,13.80,21
56,Exit long,2025-10-30 02:30,Long Exit,2.5306,33.73,84.453174,0.82,0.97,0.08,2.55,3.02,-0.94,-1.12,14.62,14.62,38
56,Entry long,2025-10-29 07:30,Long,2.5038,33.73,84.453174,0.82,0.97,0.08,2.55,3.02,-0.94,-1.12,14.62,14.62,38
57,Exit long,2025-11-01 00:00,Long Exit,2.3516,29.32,66.764572,2.12,3.17,0.07,3.56,5.33,-0.36,-0.55,16.74,16.74,34
57,Entry long,2025-10-31 07:00,Long,2.2771,29.32,66.764572,2.12,3.17,0.07,3.56,5.33,-0.36,-0.55,16.74,16.74,34
58,Exit long,2025-11-03 23:30,Long Exit,2.0763,40.79,88.938516,-4.33,-4.87,0.09,0.12,0.14,-4.89,-5.50,12.41,12.41,1
58,Entry long,2025-11-03 23:00,Long,2.1804,40.79,88.938516,-4.33,-4.87,0.09,0.12,0.14,-4.89,-5.50,12.41,12.41,1
59,Exit short,2025-11-12 12:30,Close entry(s) order Short,2.0176,21.64,46.335568,2.63,5.67,0.04,3.22,6.95,-1.94,-4.19,15.04,15.04,193
59,Entry short,2025-11-08 12:00,Short,2.1412,21.64,46.335568,2.63,5.67,0.04,3.22,6.95,-1.94,-4.19,15.04,15.04,193
60,Exit long,2025-11-13 21:30,Long Exit,2.0065,49.69,98.425952,1.18,1.20,0.1,3.17,3.21,-1.65,-1.67,16.21,16.21,23
60,Entry long,2025-11-13 10:00,Long,1.9808,49.69,98.425952,1.18,1.20,0.1,3.17,3.21,-1.65,-1.67,16.21,16.21,23
61,Exit long,2025-11-14 12:30,Long Exit,1.8056,53.06,98.13447,-2.43,-2.47,0.1,0,0.00,-2.38,-2.42,13.79,13.79,2
61,Entry long,2025-11-14 11:30,Long,1.8495,53.06,98.13447,-2.43,-2.47,0.1,0,0.00,-2.38,-2.42,13.79,13.79,2
62,Exit long,2025-11-17 21:00,Long Exit,1.7029,45.73,76.062709,1.73,2.28,0.08,3.18,4.17,-1.08,-1.41,15.52,15.52,29
62,Entry long,2025-11-17 06:30,Long,1.6633,45.73,76.062709,1.73,2.28,0.08,3.18,4.17,-1.08,-1.41,15.52,15.52,29
63,Exit long,2025-11-19 08:00,Long Exit,1.6604,28.91,46.764816,1.19,2.54,0.05,2.32,4.96,-0.77,-1.64,16.71,16.71,46
63,Entry long,2025-11-18 09:00,Long,1.6176,28.91,46.764816,1.19,2.54,0.05,2.32,4.96,-0.77,-1.64,16.71,16.71,46
64,Exit long,2025-11-21 10:30,Long Exit,1.4729,22.43,35.376596,-2.37,-6.71,0.03,1.85,5.22,-2.36,-6.66,14.34,14.34,58
64,Entry long,2025-11-20 05:30,Long,1.5772,22.43,35.376596,-2.37,-6.71,0.03,1.85,5.22,-2.36,-6.66,14.34,14.34,58
65,Exit long,2025-11-21 15:30,Long Exit,1.4318,41.49,61.69563,-2.35,-3.81,0.06,0.16,0.26,-2.32,-3.76,11.99,11.99,4
65,Entry long,2025-11-21 13:30,Long,1.487,41.49,61.69563,-2.35,-3.81,0.06,0.16,0.26,-2.32,-3.76,11.99,11.99,4
66,Exit long,2025-11-25 03:30,Long Exit,1.5215,22.19,30.457994,3.27,10.74,0.03,4.28,14.04,-1.39,-4.57,15.26,15.26,156
66,Entry long,2025-11-21 21:30,Long,1.3726,22.19,30.457994,3.27,10.74,0.03,4.28,14.04,-1.39,-4.57,15.26,15.26,156
67,Exit short,2025-11-25 18:30,Short Exit,1.5346,59.92,92.438584,0.39,0.43,0.09,2.8,3.03,-1.8,-1.94,15.65,15.65,12
67,Entry short,2025-11-25 12:30,Short,1.5427,59.92,92.438584,0.39,0.43,0.09,2.8,3.03,-1.8,-1.94,15.65,15.65,12
68,Exit short,2025-12-01 07:30,End Close,1.4958,28.36,43.8871,1.42,3.24,0.04,1.77,4.04,-0.64,-1.45,17.07,17.07,110
68,Entry short,2025-11-29 00:30,Short,1.5475,28.36,43.8871,1.42,3.24,0.04,1.77,4.04,-0.64,-1.45,17.07,17.07,110